<?xml version="1.0" encoding="UTF-8"?>
<module rename-to='ewui'>
  <!-- Inherit the core Web Toolkit stuff.                        -->
  <inherits name='com.google.gwt.user.User'/>

<!-- set-property name="user.agent" value="safari"/ -->

  <!-- Inherit the default GWT style sheet.  You can change       -->
  <!-- the theme of your GWT application by uncommenting          -->
  <!-- any one of the following lines.                            -->
  <inherits name='com.google.gwt.user.theme.standard.Standard'/>
  <!-- <inherits name='com.google.gwt.user.theme.chrome.Chrome'/>-->
  <!-- <inherits name='com.google.gwt.user.theme.dark.Dark'/>     -->

  <inherits name='com.sencha.gxt.ui.GXT' />
  <inherits name="com.sencha.gxt.theme.gray.Gray" />
  <!-- for neptune theme (available since GXT 3.1), also needs an additional jar dependency -->
  <!--<inherits name="com.sencha.gxt.theme.neptune.Theme"/>-->

  <!-- Other module inherits (from eppic-model module)           -->
  <!--
  These 3 packages from eppic-model are here because classes within are used in the client packages (GWT).
  Each of them have a corresponding package_name.gwt.xml file in eppic-model module
  -->
  <inherits name="eppic.model.db"/>
  <inherits name="eppic.model.shared"/>
  <inherits name="eppic.model.dto"/>

  <inherits name="com.google.gwt.http.HTTP"/>
  
  <!-- Specify the app entry point class.                         -->
  <entry-point class='ch.systemsx.sybit.crkwebui.client.Crkwebui'/>

  <!-- Specify the paths for translatable code                    -->
  <source path='client'/>
  <source path='shared'/>
  
</module>
