<assembly xmlns="http://maven.apache.org/plugins/maven-assembly-plugin/assembly/1.1.3"
    xmlns:xsi="http://www.w3.org/2001/XMLSchema-instance"
    xsi:schemaLocation="http://maven.apache.org/plugins/maven-assembly-plugin/assembly/1.1.3 http://maven.apache.org/xsd/assembly-1.1.3.xsd">
	<!-- id is necessary for maven assembly plugin 2.2+ -->
  	<id>bin</id>
	<formats>
		<format>tar.gz</format>
		<format>zip</format>
	</formats>
	
	<fileSets>
		<fileSet>
			<includes>
				<include>README*</include>
				<include>${project.artifactId}.conf</include>
				<include>LICENSE</include>
			</includes>
		</fileSet>
		<fileSet>
			<directory>src/bin</directory>
			<outputDirectory>bin</outputDirectory>
			<includes>
				<include>*.bat</include>
			</includes>
			<lineEnding>dos</lineEnding>
		</fileSet>
		<fileSet>
			<directory>src/bin</directory>
			<outputDirectory>bin</outputDirectory>
			<includes>
				<include>eppic</include>
			</includes>
			<lineEnding>unix</lineEnding>
			<fileMode>0755</fileMode>
		</fileSet>
		<fileSet>
			<directory>target</directory>
			<outputDirectory>lib</outputDirectory>
			<includes>
				<include>uber-${artifactId}-*.jar</include>
			</includes>
		</fileSet>
	</fileSets>
</assembly>
