<?xml version="1.0" encoding="UTF-8"?>
<configuration status="WARN">
	<appenders>
		<Console name="ConsoleStdErr" target="SYSTEM_ERR">
			<PatternLayout pattern="%d{HH:mm:ss} [%t] %-5level %logger{36} - %msg%n"/>
		</Console>
		<File name="EppicLogFile" fileName="${sys:logFilename}" append="false">
        	<PatternLayout pattern="%d{yyyy-MM-dd HH:mm:ss} %-5level - %msg%n"/>
    	</File>		
	</appenders>
	<loggers>
		<root level="info">
			<appender-ref ref="ConsoleStdErr" level="info"/>
			<appender-ref ref="EppicLogFile" level="info"/>
		</root>

		<!-- Avoiding some too verbose biojava logging to console -->
		<Logger name="org.biojava.nbio.structure.symmetry.axis.RotationAxisAligner" level="error" additivity="false">
			<appender-ref ref="ConsoleStdErr"/>
		</Logger>

	</loggers>


</configuration>