<?xml version="1.0" encoding="UTF-8"?>
<configuration status="WARN">
	<appenders>
		<Console name="ConsoleStdErr" target="SYSTEM_ERR">
			<PatternLayout pattern="%d{yyyy-MM-dd HH:mm:ss} [%t] %-5level %logger{36} - %msg%n"/>
		</Console>
	</appenders>
	<loggers>

		<root level="info">
			<appender-ref ref="ConsoleStdErr"/>
		</root>

		<Logger name="org.hibernate" level="warn" additivity="false">
			<appender-ref ref="ConsoleStdErr"/>
		</Logger>
		<Logger name="com.mchange" level="warn" additivity="false">
			<appender-ref ref="ConsoleStdErr"/>
		</Logger>
	</loggers>
</configuration>