<settings>
	
	<input_parameters>
		
		<default_parameters>
			<max_nr_of_sequences>100</max_nr_of_sequences>
			<soft_identity_cutoff>0.6</soft_identity_cutoff>
			<hard_identity_cutoff>0.5</hard_identity_cutoff>
			<search_mode>Local</search_mode>
		</default_parameters>
		
		<search_mode>
			<value>Local</value>
			<value>Global</value>
		</search_mode>
		
	</input_parameters>
	
	<notification>Ok</notification>
	
	<news>This is example news. This is example news. This is example news. This is example news. This is example news.</news>
	
	<screen_settings>
		<min_screen_width>1000</min_screen_width>
		<min_screen_height>400</min_screen_height>
	</screen_settings>
	
</settings>